License plate,Frame no.,Timestamp(seconds)
test,1,0.08333333333333333
test,2,0.16666666666666666
test,3,0.25
test,4,0.3333333333333333
test,5,0.4166666666666667
test,6,0.5
test,7,0.5833333333333334
test,8,0.6666666666666666
test,9,0.75
test,10,0.8333333333333334
test,11,0.9166666666666666
test,12,1.0
test,13,1.0833333333333333
test,14,1.1666666666666667
test,15,1.25
test,16,1.3333333333333333
test,17,1.4166666666666667
test,18,1.5
test,19,1.5833333333333333
test,20,1.6666666666666667
test,21,1.75
test,22,1.8333333333333333
test,23,1.9166666666666667
test,24,2.0
test,25,2.0833333333333335
test,26,2.1666666666666665
test,27,2.25
test,28,2.3333333333333335
test,29,2.4166666666666665
test,30,2.5
test,31,2.5833333333333335
test,32,2.6666666666666665
test,33,2.75
test,34,2.8333333333333335
test,35,2.9166666666666665
test,36,3.0
test,37,3.0833333333333335
test,38,3.1666666666666665
test,39,3.25
test,40,3.3333333333333335
test,41,3.4166666666666665
test,42,3.5
test,43,3.5833333333333335
test,44,3.6666666666666665
test,45,3.75
test,46,3.8333333333333335
test,47,3.9166666666666665
test,48,4.0
test,49,4.083333333333333
test,50,4.166666666666667
test,51,4.25
test,52,4.333333333333333
test,53,4.416666666666667
test,54,4.5
test,55,4.583333333333333
test,56,4.666666666666667
test,57,4.75
test,58,4.833333333333333
test,59,4.916666666666667
test,60,5.0
test,61,5.083333333333333
test,62,5.166666666666667
test,63,5.25
test,64,5.333333333333333
test,65,5.416666666666667
test,66,5.5
test,67,5.583333333333333
test,68,5.666666666666667
test,69,5.75
test,70,5.833333333333333
test,71,5.916666666666667
test,72,6.0
test,73,6.083333333333333
test,74,6.166666666666667
test,75,6.25
test,76,6.333333333333333
test,77,6.416666666666667
test,78,6.5
test,79,6.583333333333333
test,80,6.666666666666667
test,81,6.75
test,82,6.833333333333333
test,83,6.916666666666667
test,84,7.0
test,85,7.083333333333333
test,86,7.166666666666667
test,87,7.25
test,88,7.333333333333333
test,89,7.416666666666667
test,90,7.5
test,91,7.583333333333333
test,92,7.666666666666667
test,93,7.75
test,94,7.833333333333333
test,95,7.916666666666667
test,96,8.0
test,97,8.083333333333334
test,98,8.166666666666666
test,99,8.25
test,100,8.333333333333334
test,101,8.416666666666666
test,102,8.5
test,103,8.583333333333334
test,104,8.666666666666666
test,105,8.75
test,106,8.833333333333334
test,107,8.916666666666666
test,108,9.0
test,109,9.083333333333334
test,110,9.166666666666666
test,111,9.25
test,112,9.333333333333334
test,113,9.416666666666666
test,114,9.5
test,115,9.583333333333334
test,116,9.666666666666666
test,117,9.75
test,118,9.833333333333334
test,119,9.916666666666666
test,120,10.0
test,121,10.083333333333334
test,122,10.166666666666666
test,123,10.25
test,124,10.333333333333334
test,125,10.416666666666666
test,126,10.5
test,127,10.583333333333334
test,128,10.666666666666666
test,129,10.75
test,130,10.833333333333334
test,131,10.916666666666666
test,132,11.0
test,133,11.083333333333334
test,134,11.166666666666666
test,135,11.25
test,136,11.333333333333334
test,137,11.416666666666666
test,138,11.5
test,139,11.583333333333334
test,140,11.666666666666666
test,141,11.75
test,142,11.833333333333334
test,143,11.916666666666666
test,144,12.0
test,145,12.083333333333334
test,146,12.166666666666666
test,147,12.25
test,148,12.333333333333334
test,149,12.416666666666666
test,150,12.5
test,151,12.583333333333334
test,152,12.666666666666666
test,153,12.75
test,154,12.833333333333334
test,155,12.916666666666666
test,156,13.0
test,157,13.083333333333334
test,158,13.166666666666666
test,159,13.25
test,160,13.333333333333334
test,161,13.416666666666666
test,162,13.5
test,163,13.583333333333334
test,164,13.666666666666666
test,165,13.75
test,166,13.833333333333334
test,167,13.916666666666666
test,168,14.0
test,169,14.083333333333334
test,170,14.166666666666666
test,171,14.25
test,172,14.333333333333334
test,173,14.416666666666666
test,174,14.5
test,175,14.583333333333334
test,176,14.666666666666666
test,177,14.75
test,178,14.833333333333334
test,179,14.916666666666666
test,180,15.0
test,181,15.083333333333334
test,182,15.166666666666666
test,183,15.25
test,184,15.333333333333334
test,185,15.416666666666666
test,186,15.5
test,187,15.583333333333334
test,188,15.666666666666666
test,189,15.75
test,190,15.833333333333334
test,191,15.916666666666666
test,192,16.0
test,193,16.083333333333332
test,194,16.166666666666668
test,195,16.25
test,196,16.333333333333332
test,197,16.416666666666668
test,198,16.5
test,199,16.583333333333332
test,200,16.666666666666668
test,201,16.75
test,202,16.833333333333332
test,203,16.916666666666668
test,204,17.0
test,205,17.083333333333332
test,206,17.166666666666668
test,207,17.25
test,208,17.333333333333332
test,209,17.416666666666668
test,210,17.5
test,211,17.583333333333332
test,212,17.666666666666668
test,213,17.75
test,214,17.833333333333332
test,215,17.916666666666668
test,216,18.0
test,217,18.083333333333332
test,218,18.166666666666668
test,219,18.25
test,220,18.333333333333332
test,221,18.416666666666668
test,222,18.5
test,223,18.583333333333332
test,224,18.666666666666668
test,225,18.75
test,226,18.833333333333332
test,227,18.916666666666668
test,228,19.0
test,229,19.083333333333332
test,230,19.166666666666668
test,231,19.25
test,232,19.333333333333332
test,233,19.416666666666668
test,234,19.5
test,235,19.583333333333332
test,236,19.666666666666668
test,237,19.75
test,238,19.833333333333332
test,239,19.916666666666668
test,240,20.0
test,241,20.083333333333332
test,242,20.166666666666668
test,243,20.25
test,244,20.333333333333332
test,245,20.416666666666668
test,246,20.5
test,247,20.583333333333332
test,248,20.666666666666668
test,249,20.75
test,250,20.833333333333332
test,251,20.916666666666668
test,252,21.0
test,253,21.083333333333332
test,254,21.166666666666668
test,255,21.25
test,256,21.333333333333332
test,257,21.416666666666668
test,258,21.5
test,259,21.583333333333332
test,260,21.666666666666668
test,261,21.75
test,262,21.833333333333332
test,263,21.916666666666668
test,264,22.0
test,265,22.083333333333332
test,266,22.166666666666668
test,267,22.25
test,268,22.333333333333332
test,269,22.416666666666668
test,270,22.5
test,271,22.583333333333332
test,272,22.666666666666668
test,273,22.75
test,274,22.833333333333332
test,275,22.916666666666668
test,276,23.0
test,277,23.083333333333332
test,278,23.166666666666668
test,279,23.25
test,280,23.333333333333332
test,281,23.416666666666668
test,282,23.5
test,283,23.583333333333332
test,284,23.666666666666668
test,285,23.75
test,286,23.833333333333332
test,287,23.916666666666668
test,288,24.0
test,289,24.083333333333332
test,290,24.166666666666668
test,291,24.25
test,292,24.333333333333332
test,293,24.416666666666668
test,294,24.5
test,295,24.583333333333332
test,296,24.666666666666668
test,297,24.75
test,298,24.833333333333332
test,299,24.916666666666668
test,300,25.0
test,301,25.083333333333332
test,302,25.166666666666668
test,303,25.25
test,304,25.333333333333332
test,305,25.416666666666668
test,306,25.5
test,307,25.583333333333332
test,308,25.666666666666668
test,309,25.75
test,310,25.833333333333332
test,311,25.916666666666668
test,312,26.0
test,313,26.083333333333332
test,314,26.166666666666668
test,315,26.25
test,316,26.333333333333332
test,317,26.416666666666668
test,318,26.5
test,319,26.583333333333332
test,320,26.666666666666668
test,321,26.75
test,322,26.833333333333332
test,323,26.916666666666668
test,324,27.0
test,325,27.083333333333332
test,326,27.166666666666668
test,327,27.25
test,328,27.333333333333332
test,329,27.416666666666668
test,330,27.5
test,331,27.583333333333332
test,332,27.666666666666668
test,333,27.75
test,334,27.833333333333332
test,335,27.916666666666668
test,336,28.0
test,337,28.083333333333332
test,338,28.166666666666668
test,339,28.25
test,340,28.333333333333332
test,341,28.416666666666668
test,342,28.5
test,343,28.583333333333332
test,344,28.666666666666668
test,345,28.75
test,346,28.833333333333332
test,347,28.916666666666668
test,348,29.0
test,349,29.083333333333332
test,350,29.166666666666668
test,351,29.25
test,352,29.333333333333332
test,353,29.416666666666668
test,354,29.5
test,355,29.583333333333332
test,356,29.666666666666668
test,357,29.75
test,358,29.833333333333332
test,359,29.916666666666668
test,360,30.0
test,361,30.083333333333332
test,362,30.166666666666668
test,363,30.25
test,364,30.333333333333332
test,365,30.416666666666668
test,366,30.5
test,367,30.583333333333332
test,368,30.666666666666668
test,369,30.75
test,370,30.833333333333332
test,371,30.916666666666668
test,372,31.0
test,373,31.083333333333332
test,374,31.166666666666668
test,375,31.25
test,376,31.333333333333332
test,377,31.416666666666668
test,378,31.5
test,379,31.583333333333332
test,380,31.666666666666668
test,381,31.75
test,382,31.833333333333332
test,383,31.916666666666668
test,384,32.0
test,385,32.083333333333336
test,386,32.166666666666664
test,387,32.25
test,388,32.333333333333336
test,389,32.416666666666664
test,390,32.5
test,391,32.583333333333336
test,392,32.666666666666664
test,393,32.75
test,394,32.833333333333336
test,395,32.916666666666664
test,396,33.0
test,397,33.083333333333336
test,398,33.166666666666664
test,399,33.25
test,400,33.333333333333336
test,401,33.416666666666664
test,402,33.5
test,403,33.583333333333336
test,404,33.666666666666664
test,405,33.75
test,406,33.833333333333336
test,407,33.916666666666664
test,408,34.0
test,409,34.083333333333336
test,410,34.166666666666664
test,411,34.25
test,412,34.333333333333336
test,413,34.416666666666664
test,414,34.5
test,415,34.583333333333336
test,416,34.666666666666664
test,417,34.75
test,418,34.833333333333336
test,419,34.916666666666664
test,420,35.0
test,421,35.083333333333336
test,422,35.166666666666664
test,423,35.25
test,424,35.333333333333336
test,425,35.416666666666664
test,426,35.5
test,427,35.583333333333336
test,428,35.666666666666664
test,429,35.75
test,430,35.833333333333336
test,431,35.916666666666664
test,432,36.0
test,433,36.083333333333336
test,434,36.166666666666664
test,435,36.25
test,436,36.333333333333336
test,437,36.416666666666664
test,438,36.5
test,439,36.583333333333336
test,440,36.666666666666664
test,441,36.75
test,442,36.833333333333336
test,443,36.916666666666664
test,444,37.0
test,445,37.083333333333336
test,446,37.166666666666664
test,447,37.25
test,448,37.333333333333336
test,449,37.416666666666664
test,450,37.5
test,451,37.583333333333336
test,452,37.666666666666664
test,453,37.75
test,454,37.833333333333336
test,455,37.916666666666664
test,456,38.0
test,457,38.083333333333336
test,458,38.166666666666664
test,459,38.25
test,460,38.333333333333336
test,461,38.416666666666664
test,462,38.5
test,463,38.583333333333336
test,464,38.666666666666664
test,465,38.75
test,466,38.833333333333336
test,467,38.916666666666664
test,468,39.0
test,469,39.083333333333336
test,470,39.166666666666664
test,471,39.25
test,472,39.333333333333336
test,473,39.416666666666664
test,474,39.5
test,475,39.583333333333336
test,476,39.666666666666664
test,477,39.75
test,478,39.833333333333336
test,479,39.916666666666664
test,480,40.0
test,481,40.083333333333336
test,482,40.166666666666664
test,483,40.25
test,484,40.333333333333336
test,485,40.416666666666664
test,486,40.5
test,487,40.583333333333336
test,488,40.666666666666664
test,489,40.75
test,490,40.833333333333336
test,491,40.916666666666664
test,492,41.0
test,493,41.083333333333336
test,494,41.166666666666664
test,495,41.25
test,496,41.333333333333336
test,497,41.416666666666664
test,498,41.5
test,499,41.583333333333336
test,500,41.666666666666664
test,501,41.75
test,502,41.833333333333336
test,503,41.916666666666664
test,504,42.0
test,505,42.083333333333336
test,506,42.166666666666664
test,507,42.25
test,508,42.333333333333336
test,509,42.416666666666664
test,510,42.5
test,511,42.583333333333336
test,512,42.666666666666664
test,513,42.75
test,514,42.833333333333336
test,515,42.916666666666664
test,516,43.0
test,517,43.083333333333336
test,518,43.166666666666664
test,519,43.25
test,520,43.333333333333336
test,521,43.416666666666664
test,522,43.5
test,523,43.583333333333336
test,524,43.666666666666664
test,525,43.75
test,526,43.833333333333336
test,527,43.916666666666664
test,528,44.0
test,529,44.083333333333336
test,530,44.166666666666664
test,531,44.25
test,532,44.333333333333336
test,533,44.416666666666664
test,534,44.5
test,535,44.583333333333336
test,536,44.666666666666664
test,537,44.75
test,538,44.833333333333336
test,539,44.916666666666664
test,540,45.0
test,541,45.083333333333336
test,542,45.166666666666664
test,543,45.25
test,544,45.333333333333336
test,545,45.416666666666664
test,546,45.5
test,547,45.583333333333336
test,548,45.666666666666664
test,549,45.75
test,550,45.833333333333336
test,551,45.916666666666664
test,552,46.0
test,553,46.083333333333336
test,554,46.166666666666664
test,555,46.25
test,556,46.333333333333336
test,557,46.416666666666664
test,558,46.5
test,559,46.583333333333336
test,560,46.666666666666664
test,561,46.75
test,562,46.833333333333336
test,563,46.916666666666664
test,564,47.0
test,565,47.083333333333336
test,566,47.166666666666664
test,567,47.25
test,568,47.333333333333336
test,569,47.416666666666664
test,570,47.5
test,571,47.583333333333336
test,572,47.666666666666664
test,573,47.75
test,574,47.833333333333336
test,575,47.916666666666664
test,576,48.0
test,577,48.083333333333336
test,578,48.166666666666664
test,579,48.25
test,580,48.333333333333336
test,581,48.416666666666664
test,582,48.5
test,583,48.583333333333336
test,584,48.666666666666664
test,585,48.75
test,586,48.833333333333336
test,587,48.916666666666664
test,588,49.0
test,589,49.083333333333336
test,590,49.166666666666664
test,591,49.25
test,592,49.333333333333336
test,593,49.416666666666664
test,594,49.5
test,595,49.583333333333336
test,596,49.666666666666664
test,597,49.75
test,598,49.833333333333336
test,599,49.916666666666664
test,600,50.0
test,601,50.083333333333336
test,602,50.166666666666664
test,603,50.25
test,604,50.333333333333336
test,605,50.416666666666664
test,606,50.5
test,607,50.583333333333336
test,608,50.666666666666664
test,609,50.75
test,610,50.833333333333336
test,611,50.916666666666664
test,612,51.0
test,613,51.083333333333336
test,614,51.166666666666664
test,615,51.25
test,616,51.333333333333336
test,617,51.416666666666664
test,618,51.5
test,619,51.583333333333336
test,620,51.666666666666664
test,621,51.75
test,622,51.833333333333336
test,623,51.916666666666664
test,624,52.0
test,625,52.083333333333336
test,626,52.166666666666664
test,627,52.25
test,628,52.333333333333336
test,629,52.416666666666664
test,630,52.5
test,631,52.583333333333336
test,632,52.666666666666664
test,633,52.75
test,634,52.833333333333336
test,635,52.916666666666664
test,636,53.0
test,637,53.083333333333336
test,638,53.166666666666664
test,639,53.25
test,640,53.333333333333336
test,641,53.416666666666664
test,642,53.5
test,643,53.583333333333336
test,644,53.666666666666664
test,645,53.75
test,646,53.833333333333336
test,647,53.916666666666664
test,648,54.0
test,649,54.083333333333336
test,650,54.166666666666664
test,651,54.25
test,652,54.333333333333336
test,653,54.416666666666664
test,654,54.5
test,655,54.583333333333336
test,656,54.666666666666664
test,657,54.75
test,658,54.833333333333336
test,659,54.916666666666664
test,660,55.0
test,661,55.083333333333336
test,662,55.166666666666664
test,663,55.25
test,664,55.333333333333336
test,665,55.416666666666664
test,666,55.5
test,667,55.583333333333336
test,668,55.666666666666664
test,669,55.75
test,670,55.833333333333336
test,671,55.916666666666664
test,672,56.0
test,673,56.083333333333336
test,674,56.166666666666664
test,675,56.25
test,676,56.333333333333336
test,677,56.416666666666664
test,678,56.5
test,679,56.583333333333336
test,680,56.666666666666664
test,681,56.75
test,682,56.833333333333336
test,683,56.916666666666664
test,684,57.0
test,685,57.083333333333336
test,686,57.166666666666664
test,687,57.25
test,688,57.333333333333336
test,689,57.416666666666664
test,690,57.5
test,691,57.583333333333336
test,692,57.666666666666664
test,693,57.75
test,694,57.833333333333336
test,695,57.916666666666664
test,696,58.0
test,697,58.083333333333336
test,698,58.166666666666664
test,699,58.25
test,700,58.333333333333336
test,701,58.416666666666664
test,702,58.5
test,703,58.583333333333336
test,704,58.666666666666664
test,705,58.75
test,706,58.833333333333336
test,707,58.916666666666664
test,708,59.0
test,709,59.083333333333336
test,710,59.166666666666664
test,711,59.25
test,712,59.333333333333336
test,713,59.416666666666664
test,714,59.5
test,715,59.583333333333336
test,716,59.666666666666664
test,717,59.75
test,718,59.833333333333336
test,719,59.916666666666664
test,720,60.0
test,721,60.083333333333336
test,722,60.166666666666664
test,723,60.25
test,724,60.333333333333336
test,725,60.416666666666664
test,726,60.5
test,727,60.583333333333336
test,728,60.666666666666664
test,729,60.75
test,730,60.833333333333336
test,731,60.916666666666664
test,732,61.0
test,733,61.083333333333336
test,734,61.166666666666664
test,735,61.25
test,736,61.333333333333336
test,737,61.416666666666664
test,738,61.5
test,739,61.583333333333336
test,740,61.666666666666664
test,741,61.75
test,742,61.833333333333336
test,743,61.916666666666664
test,744,62.0
test,745,62.083333333333336
test,746,62.166666666666664
test,747,62.25
test,748,62.333333333333336
test,749,62.416666666666664
test,750,62.5
test,751,62.583333333333336
test,752,62.666666666666664
test,753,62.75
test,754,62.833333333333336
test,755,62.916666666666664
test,756,63.0
test,757,63.083333333333336
test,758,63.166666666666664
test,759,63.25
test,760,63.333333333333336
test,761,63.416666666666664
test,762,63.5
test,763,63.583333333333336
test,764,63.666666666666664
test,765,63.75
test,766,63.833333333333336
test,767,63.916666666666664
test,768,64.0
test,769,64.08333333333333
test,770,64.16666666666667
test,771,64.25
test,772,64.33333333333333
test,773,64.41666666666667
test,774,64.5
test,775,64.58333333333333
test,776,64.66666666666667
test,777,64.75
test,778,64.83333333333333
test,779,64.91666666666667
test,780,65.0
test,781,65.08333333333333
test,782,65.16666666666667
test,783,65.25
test,784,65.33333333333333
test,785,65.41666666666667
test,786,65.5
test,787,65.58333333333333
test,788,65.66666666666667
test,789,65.75
test,790,65.83333333333333
test,791,65.91666666666667
test,792,66.0
test,793,66.08333333333333
test,794,66.16666666666667
test,795,66.25
test,796,66.33333333333333
test,797,66.41666666666667
test,798,66.5
test,799,66.58333333333333
test,800,66.66666666666667
test,801,66.75
test,802,66.83333333333333
test,803,66.91666666666667
test,804,67.0
test,805,67.08333333333333
test,806,67.16666666666667
test,807,67.25
test,808,67.33333333333333
test,809,67.41666666666667
test,810,67.5
test,811,67.58333333333333
test,812,67.66666666666667
test,813,67.75
test,814,67.83333333333333
test,815,67.91666666666667
test,816,68.0
test,817,68.08333333333333
test,818,68.16666666666667
test,819,68.25
test,820,68.33333333333333
test,821,68.41666666666667
test,822,68.5
test,823,68.58333333333333
test,824,68.66666666666667
test,825,68.75
test,826,68.83333333333333
test,827,68.91666666666667
test,828,69.0
test,829,69.08333333333333
test,830,69.16666666666667
test,831,69.25
test,832,69.33333333333333
test,833,69.41666666666667
test,834,69.5
test,835,69.58333333333333
test,836,69.66666666666667
test,837,69.75
test,838,69.83333333333333
test,839,69.91666666666667
test,840,70.0
test,841,70.08333333333333
test,842,70.16666666666667
test,843,70.25
test,844,70.33333333333333
test,845,70.41666666666667
test,846,70.5
test,847,70.58333333333333
test,848,70.66666666666667
test,849,70.75
test,850,70.83333333333333
test,851,70.91666666666667
test,852,71.0
test,853,71.08333333333333
test,854,71.16666666666667
test,855,71.25
test,856,71.33333333333333
test,857,71.41666666666667
test,858,71.5
test,859,71.58333333333333
test,860,71.66666666666667
test,861,71.75
test,862,71.83333333333333
test,863,71.91666666666667
test,864,72.0
test,865,72.08333333333333
test,866,72.16666666666667
test,867,72.25
test,868,72.33333333333333
test,869,72.41666666666667
test,870,72.5
test,871,72.58333333333333
test,872,72.66666666666667
test,873,72.75
test,874,72.83333333333333
test,875,72.91666666666667
test,876,73.0
test,877,73.08333333333333
test,878,73.16666666666667
test,879,73.25
test,880,73.33333333333333
test,881,73.41666666666667
test,882,73.5
test,883,73.58333333333333
test,884,73.66666666666667
test,885,73.75
test,886,73.83333333333333
test,887,73.91666666666667
test,888,74.0
test,889,74.08333333333333
test,890,74.16666666666667
test,891,74.25
test,892,74.33333333333333
test,893,74.41666666666667
test,894,74.5
test,895,74.58333333333333
test,896,74.66666666666667
test,897,74.75
test,898,74.83333333333333
test,899,74.91666666666667
test,900,75.0
test,901,75.08333333333333
test,902,75.16666666666667
test,903,75.25
test,904,75.33333333333333
test,905,75.41666666666667
test,906,75.5
test,907,75.58333333333333
test,908,75.66666666666667
test,909,75.75
test,910,75.83333333333333
test,911,75.91666666666667
test,912,76.0
test,913,76.08333333333333
test,914,76.16666666666667
test,915,76.25
test,916,76.33333333333333
test,917,76.41666666666667
test,918,76.5
test,919,76.58333333333333
test,920,76.66666666666667
test,921,76.75
test,922,76.83333333333333
test,923,76.91666666666667
test,924,77.0
test,925,77.08333333333333
test,926,77.16666666666667
test,927,77.25
test,928,77.33333333333333
test,929,77.41666666666667
test,930,77.5
test,931,77.58333333333333
test,932,77.66666666666667
test,933,77.75
test,934,77.83333333333333
test,935,77.91666666666667
test,936,78.0
test,937,78.08333333333333
test,938,78.16666666666667
test,939,78.25
test,940,78.33333333333333
test,941,78.41666666666667
test,942,78.5
test,943,78.58333333333333
test,944,78.66666666666667
test,945,78.75
test,946,78.83333333333333
test,947,78.91666666666667
test,948,79.0
test,949,79.08333333333333
test,950,79.16666666666667
test,951,79.25
test,952,79.33333333333333
test,953,79.41666666666667
test,954,79.5
test,955,79.58333333333333
test,956,79.66666666666667
test,957,79.75
test,958,79.83333333333333
test,959,79.91666666666667
test,960,80.0
test,961,80.08333333333333
test,962,80.16666666666667
test,963,80.25
test,964,80.33333333333333
test,965,80.41666666666667
test,966,80.5
test,967,80.58333333333333
test,968,80.66666666666667
test,969,80.75
test,970,80.83333333333333
test,971,80.91666666666667
test,972,81.0
test,973,81.08333333333333
test,974,81.16666666666667
test,975,81.25
test,976,81.33333333333333
test,977,81.41666666666667
test,978,81.5
test,979,81.58333333333333
test,980,81.66666666666667
test,981,81.75
test,982,81.83333333333333
test,983,81.91666666666667
test,984,82.0
test,985,82.08333333333333
test,986,82.16666666666667
test,987,82.25
test,988,82.33333333333333
test,989,82.41666666666667
test,990,82.5
test,991,82.58333333333333
test,992,82.66666666666667
test,993,82.75
test,994,82.83333333333333
test,995,82.91666666666667
test,996,83.0
test,997,83.08333333333333
test,998,83.16666666666667
test,999,83.25
test,1000,83.33333333333333
test,1001,83.41666666666667
test,1002,83.5
test,1003,83.58333333333333
test,1004,83.66666666666667
test,1005,83.75
test,1006,83.83333333333333
test,1007,83.91666666666667
test,1008,84.0
test,1009,84.08333333333333
test,1010,84.16666666666667
test,1011,84.25
test,1012,84.33333333333333
test,1013,84.41666666666667
test,1014,84.5
test,1015,84.58333333333333
test,1016,84.66666666666667
test,1017,84.75
test,1018,84.83333333333333
test,1019,84.91666666666667
test,1020,85.0
test,1021,85.08333333333333
test,1022,85.16666666666667
test,1023,85.25
test,1024,85.33333333333333
test,1025,85.41666666666667
test,1026,85.5
test,1027,85.58333333333333
test,1028,85.66666666666667
test,1029,85.75
test,1030,85.83333333333333
test,1031,85.91666666666667
test,1032,86.0
test,1033,86.08333333333333
test,1034,86.16666666666667
test,1035,86.25
test,1036,86.33333333333333
test,1037,86.41666666666667
test,1038,86.5
test,1039,86.58333333333333
test,1040,86.66666666666667
test,1041,86.75
test,1042,86.83333333333333
test,1043,86.91666666666667
test,1044,87.0
test,1045,87.08333333333333
test,1046,87.16666666666667
test,1047,87.25
test,1048,87.33333333333333
test,1049,87.41666666666667
test,1050,87.5
test,1051,87.58333333333333
test,1052,87.66666666666667
test,1053,87.75
test,1054,87.83333333333333
test,1055,87.91666666666667
test,1056,88.0
test,1057,88.08333333333333
test,1058,88.16666666666667
test,1059,88.25
test,1060,88.33333333333333
test,1061,88.41666666666667
test,1062,88.5
test,1063,88.58333333333333
test,1064,88.66666666666667
test,1065,88.75
test,1066,88.83333333333333
test,1067,88.91666666666667
test,1068,89.0
test,1069,89.08333333333333
test,1070,89.16666666666667
test,1071,89.25
test,1072,89.33333333333333
test,1073,89.41666666666667
test,1074,89.5
test,1075,89.58333333333333
test,1076,89.66666666666667
test,1077,89.75
test,1078,89.83333333333333
test,1079,89.91666666666667
test,1080,90.0
test,1081,90.08333333333333
test,1082,90.16666666666667
test,1083,90.25
test,1084,90.33333333333333
test,1085,90.41666666666667
test,1086,90.5
test,1087,90.58333333333333
test,1088,90.66666666666667
test,1089,90.75
test,1090,90.83333333333333
test,1091,90.91666666666667
test,1092,91.0
test,1093,91.08333333333333
test,1094,91.16666666666667
test,1095,91.25
test,1096,91.33333333333333
test,1097,91.41666666666667
test,1098,91.5
test,1099,91.58333333333333
test,1100,91.66666666666667
test,1101,91.75
test,1102,91.83333333333333
test,1103,91.91666666666667
test,1104,92.0
test,1105,92.08333333333333
test,1106,92.16666666666667
test,1107,92.25
test,1108,92.33333333333333
test,1109,92.41666666666667
test,1110,92.5
test,1111,92.58333333333333
test,1112,92.66666666666667
test,1113,92.75
test,1114,92.83333333333333
test,1115,92.91666666666667
test,1116,93.0
test,1117,93.08333333333333
test,1118,93.16666666666667
test,1119,93.25
test,1120,93.33333333333333
test,1121,93.41666666666667
test,1122,93.5
test,1123,93.58333333333333
test,1124,93.66666666666667
test,1125,93.75
test,1126,93.83333333333333
test,1127,93.91666666666667
test,1128,94.0
test,1129,94.08333333333333
test,1130,94.16666666666667
test,1131,94.25
test,1132,94.33333333333333
test,1133,94.41666666666667
test,1134,94.5
test,1135,94.58333333333333
test,1136,94.66666666666667
test,1137,94.75
test,1138,94.83333333333333
test,1139,94.91666666666667
test,1140,95.0
test,1141,95.08333333333333
test,1142,95.16666666666667
test,1143,95.25
test,1144,95.33333333333333
test,1145,95.41666666666667
test,1146,95.5
test,1147,95.58333333333333
test,1148,95.66666666666667
test,1149,95.75
test,1150,95.83333333333333
test,1151,95.91666666666667
test,1152,96.0
test,1153,96.08333333333333
test,1154,96.16666666666667
test,1155,96.25
test,1156,96.33333333333333
test,1157,96.41666666666667
test,1158,96.5
test,1159,96.58333333333333
test,1160,96.66666666666667
test,1161,96.75
test,1162,96.83333333333333
test,1163,96.91666666666667
test,1164,97.0
test,1165,97.08333333333333
test,1166,97.16666666666667
test,1167,97.25
test,1168,97.33333333333333
test,1169,97.41666666666667
test,1170,97.5
test,1171,97.58333333333333
test,1172,97.66666666666667
test,1173,97.75
test,1174,97.83333333333333
test,1175,97.91666666666667
test,1176,98.0
test,1177,98.08333333333333
test,1178,98.16666666666667
test,1179,98.25
test,1180,98.33333333333333
test,1181,98.41666666666667
test,1182,98.5
test,1183,98.58333333333333
test,1184,98.66666666666667
test,1185,98.75
test,1186,98.83333333333333
test,1187,98.91666666666667
test,1188,99.0
test,1189,99.08333333333333
test,1190,99.16666666666667
test,1191,99.25
test,1192,99.33333333333333
test,1193,99.41666666666667
test,1194,99.5
test,1195,99.58333333333333
test,1196,99.66666666666667
test,1197,99.75
test,1198,99.83333333333333
test,1199,99.91666666666667
test,1200,100.0
test,1201,100.08333333333333
test,1202,100.16666666666667
test,1203,100.25
test,1204,100.33333333333333
test,1205,100.41666666666667
test,1206,100.5
test,1207,100.58333333333333
test,1208,100.66666666666667
test,1209,100.75
test,1210,100.83333333333333
test,1211,100.91666666666667
test,1212,101.0
test,1213,101.08333333333333
test,1214,101.16666666666667
test,1215,101.25
test,1216,101.33333333333333
test,1217,101.41666666666667
test,1218,101.5
test,1219,101.58333333333333
test,1220,101.66666666666667
test,1221,101.75
test,1222,101.83333333333333
test,1223,101.91666666666667
test,1224,102.0
test,1225,102.08333333333333
test,1226,102.16666666666667
test,1227,102.25
test,1228,102.33333333333333
test,1229,102.41666666666667
test,1230,102.5
test,1231,102.58333333333333
test,1232,102.66666666666667
test,1233,102.75
test,1234,102.83333333333333
test,1235,102.91666666666667
test,1236,103.0
test,1237,103.08333333333333
test,1238,103.16666666666667
test,1239,103.25
test,1240,103.33333333333333
test,1241,103.41666666666667
test,1242,103.5
test,1243,103.58333333333333
test,1244,103.66666666666667
test,1245,103.75
test,1246,103.83333333333333
test,1247,103.91666666666667
test,1248,104.0
test,1249,104.08333333333333
test,1250,104.16666666666667
test,1251,104.25
test,1252,104.33333333333333
test,1253,104.41666666666667
test,1254,104.5
test,1255,104.58333333333333
test,1256,104.66666666666667
test,1257,104.75
test,1258,104.83333333333333
test,1259,104.91666666666667
test,1260,105.0
test,1261,105.08333333333333
test,1262,105.16666666666667
test,1263,105.25
test,1264,105.33333333333333
test,1265,105.41666666666667
test,1266,105.5
test,1267,105.58333333333333
test,1268,105.66666666666667
test,1269,105.75
test,1270,105.83333333333333
test,1271,105.91666666666667
test,1272,106.0
test,1273,106.08333333333333
test,1274,106.16666666666667
test,1275,106.25
test,1276,106.33333333333333
test,1277,106.41666666666667
test,1278,106.5
test,1279,106.58333333333333
test,1280,106.66666666666667
test,1281,106.75
test,1282,106.83333333333333
test,1283,106.91666666666667
test,1284,107.0
test,1285,107.08333333333333
test,1286,107.16666666666667
test,1287,107.25
test,1288,107.33333333333333
test,1289,107.41666666666667
test,1290,107.5
test,1291,107.58333333333333
test,1292,107.66666666666667
test,1293,107.75
test,1294,107.83333333333333
test,1295,107.91666666666667
test,1296,108.0
test,1297,108.08333333333333
test,1298,108.16666666666667
test,1299,108.25
test,1300,108.33333333333333
test,1301,108.41666666666667
test,1302,108.5
test,1303,108.58333333333333
test,1304,108.66666666666667
test,1305,108.75
test,1306,108.83333333333333
test,1307,108.91666666666667
test,1308,109.0
test,1309,109.08333333333333
test,1310,109.16666666666667
test,1311,109.25
test,1312,109.33333333333333
test,1313,109.41666666666667
test,1314,109.5
test,1315,109.58333333333333
test,1316,109.66666666666667
test,1317,109.75
test,1318,109.83333333333333
test,1319,109.91666666666667
test,1320,110.0
test,1321,110.08333333333333
test,1322,110.16666666666667
test,1323,110.25
test,1324,110.33333333333333
test,1325,110.41666666666667
test,1326,110.5
test,1327,110.58333333333333
test,1328,110.66666666666667
test,1329,110.75
test,1330,110.83333333333333
test,1331,110.91666666666667
test,1332,111.0
test,1333,111.08333333333333
test,1334,111.16666666666667
test,1335,111.25
test,1336,111.33333333333333
test,1337,111.41666666666667
test,1338,111.5
test,1339,111.58333333333333
test,1340,111.66666666666667
test,1341,111.75
test,1342,111.83333333333333
test,1343,111.91666666666667
test,1344,112.0
test,1345,112.08333333333333
test,1346,112.16666666666667
test,1347,112.25
test,1348,112.33333333333333
test,1349,112.41666666666667
test,1350,112.5
test,1351,112.58333333333333
test,1352,112.66666666666667
test,1353,112.75
test,1354,112.83333333333333
test,1355,112.91666666666667
test,1356,113.0
test,1357,113.08333333333333
test,1358,113.16666666666667
test,1359,113.25
test,1360,113.33333333333333
test,1361,113.41666666666667
test,1362,113.5
test,1363,113.58333333333333
test,1364,113.66666666666667
test,1365,113.75
test,1366,113.83333333333333
test,1367,113.91666666666667
test,1368,114.0
test,1369,114.08333333333333
test,1370,114.16666666666667
test,1371,114.25
test,1372,114.33333333333333
test,1373,114.41666666666667
test,1374,114.5
test,1375,114.58333333333333
test,1376,114.66666666666667
test,1377,114.75
test,1378,114.83333333333333
test,1379,114.91666666666667
test,1380,115.0
test,1381,115.08333333333333
test,1382,115.16666666666667
test,1383,115.25
test,1384,115.33333333333333
test,1385,115.41666666666667
test,1386,115.5
test,1387,115.58333333333333
test,1388,115.66666666666667
test,1389,115.75
test,1390,115.83333333333333
test,1391,115.91666666666667
test,1392,116.0
test,1393,116.08333333333333
test,1394,116.16666666666667
test,1395,116.25
test,1396,116.33333333333333
test,1397,116.41666666666667
test,1398,116.5
test,1399,116.58333333333333
test,1400,116.66666666666667
test,1401,116.75
test,1402,116.83333333333333
test,1403,116.91666666666667
test,1404,117.0
test,1405,117.08333333333333
test,1406,117.16666666666667
test,1407,117.25
test,1408,117.33333333333333
test,1409,117.41666666666667
test,1410,117.5
test,1411,117.58333333333333
test,1412,117.66666666666667
test,1413,117.75
test,1414,117.83333333333333
test,1415,117.91666666666667
test,1416,118.0
test,1417,118.08333333333333
test,1418,118.16666666666667
test,1419,118.25
test,1420,118.33333333333333
test,1421,118.41666666666667
test,1422,118.5
test,1423,118.58333333333333
test,1424,118.66666666666667
test,1425,118.75
test,1426,118.83333333333333
test,1427,118.91666666666667
test,1428,119.0
test,1429,119.08333333333333
test,1430,119.16666666666667
test,1431,119.25
test,1432,119.33333333333333
test,1433,119.41666666666667
test,1434,119.5
test,1435,119.58333333333333
test,1436,119.66666666666667
test,1437,119.75
test,1438,119.83333333333333
test,1439,119.91666666666667
test,1440,120.0
test,1441,120.08333333333333
test,1442,120.16666666666667
test,1443,120.25
test,1444,120.33333333333333
test,1445,120.41666666666667
test,1446,120.5
test,1447,120.58333333333333
test,1448,120.66666666666667
test,1449,120.75
test,1450,120.83333333333333
test,1451,120.91666666666667
test,1452,121.0
test,1453,121.08333333333333
test,1454,121.16666666666667
test,1455,121.25
test,1456,121.33333333333333
test,1457,121.41666666666667
test,1458,121.5
test,1459,121.58333333333333
test,1460,121.66666666666667
test,1461,121.75
test,1462,121.83333333333333
test,1463,121.91666666666667
test,1464,122.0
test,1465,122.08333333333333
test,1466,122.16666666666667
test,1467,122.25
test,1468,122.33333333333333
test,1469,122.41666666666667
test,1470,122.5
test,1471,122.58333333333333
test,1472,122.66666666666667
test,1473,122.75
test,1474,122.83333333333333
test,1475,122.91666666666667
test,1476,123.0
test,1477,123.08333333333333
test,1478,123.16666666666667
test,1479,123.25
test,1480,123.33333333333333
test,1481,123.41666666666667
test,1482,123.5
test,1483,123.58333333333333
test,1484,123.66666666666667
test,1485,123.75
test,1486,123.83333333333333
test,1487,123.91666666666667
test,1488,124.0
test,1489,124.08333333333333
test,1490,124.16666666666667
test,1491,124.25
test,1492,124.33333333333333
test,1493,124.41666666666667
test,1494,124.5
test,1495,124.58333333333333
test,1496,124.66666666666667
test,1497,124.75
test,1498,124.83333333333333
test,1499,124.91666666666667
test,1500,125.0
test,1501,125.08333333333333
test,1502,125.16666666666667
test,1503,125.25
test,1504,125.33333333333333
test,1505,125.41666666666667
test,1506,125.5
test,1507,125.58333333333333
test,1508,125.66666666666667
test,1509,125.75
test,1510,125.83333333333333
test,1511,125.91666666666667
test,1512,126.0
test,1513,126.08333333333333
test,1514,126.16666666666667
test,1515,126.25
test,1516,126.33333333333333
test,1517,126.41666666666667
test,1518,126.5
test,1519,126.58333333333333
test,1520,126.66666666666667
test,1521,126.75
test,1522,126.83333333333333
test,1523,126.91666666666667
test,1524,127.0
test,1525,127.08333333333333
test,1526,127.16666666666667
test,1527,127.25
test,1528,127.33333333333333
test,1529,127.41666666666667
test,1530,127.5
test,1531,127.58333333333333
test,1532,127.66666666666667
test,1533,127.75
test,1534,127.83333333333333
test,1535,127.91666666666667
test,1536,128.0
test,1537,128.08333333333334
test,1538,128.16666666666666
test,1539,128.25
test,1540,128.33333333333334
test,1541,128.41666666666666
test,1542,128.5
test,1543,128.58333333333334
test,1544,128.66666666666666
test,1545,128.75
test,1546,128.83333333333334
test,1547,128.91666666666666
test,1548,129.0
test,1549,129.08333333333334
test,1550,129.16666666666666
test,1551,129.25
test,1552,129.33333333333334
test,1553,129.41666666666666
test,1554,129.5
test,1555,129.58333333333334
test,1556,129.66666666666666
test,1557,129.75
test,1558,129.83333333333334
test,1559,129.91666666666666
test,1560,130.0
test,1561,130.08333333333334
test,1562,130.16666666666666
test,1563,130.25
test,1564,130.33333333333334
test,1565,130.41666666666666
test,1566,130.5
test,1567,130.58333333333334
test,1568,130.66666666666666
test,1569,130.75
test,1570,130.83333333333334
test,1571,130.91666666666666
test,1572,131.0
test,1573,131.08333333333334
test,1574,131.16666666666666
test,1575,131.25
test,1576,131.33333333333334
test,1577,131.41666666666666
test,1578,131.5
test,1579,131.58333333333334
test,1580,131.66666666666666
test,1581,131.75
test,1582,131.83333333333334
test,1583,131.91666666666666
test,1584,132.0
test,1585,132.08333333333334
test,1586,132.16666666666666
test,1587,132.25
test,1588,132.33333333333334
test,1589,132.41666666666666
test,1590,132.5
test,1591,132.58333333333334
test,1592,132.66666666666666
test,1593,132.75
test,1594,132.83333333333334
test,1595,132.91666666666666
test,1596,133.0
test,1597,133.08333333333334
test,1598,133.16666666666666
test,1599,133.25
test,1600,133.33333333333334
test,1601,133.41666666666666
test,1602,133.5
test,1603,133.58333333333334
test,1604,133.66666666666666
test,1605,133.75
test,1606,133.83333333333334
test,1607,133.91666666666666
test,1608,134.0
test,1609,134.08333333333334
test,1610,134.16666666666666
test,1611,134.25
test,1612,134.33333333333334
test,1613,134.41666666666666
test,1614,134.5
test,1615,134.58333333333334
test,1616,134.66666666666666
test,1617,134.75
test,1618,134.83333333333334
test,1619,134.91666666666666
test,1620,135.0
test,1621,135.08333333333334
test,1622,135.16666666666666
test,1623,135.25
test,1624,135.33333333333334
test,1625,135.41666666666666
test,1626,135.5
test,1627,135.58333333333334
test,1628,135.66666666666666
test,1629,135.75
test,1630,135.83333333333334
test,1631,135.91666666666666
test,1632,136.0
test,1633,136.08333333333334
test,1634,136.16666666666666
test,1635,136.25
test,1636,136.33333333333334
test,1637,136.41666666666666
test,1638,136.5
test,1639,136.58333333333334
test,1640,136.66666666666666
test,1641,136.75
test,1642,136.83333333333334
test,1643,136.91666666666666
test,1644,137.0
test,1645,137.08333333333334
test,1646,137.16666666666666
test,1647,137.25
test,1648,137.33333333333334
test,1649,137.41666666666666
test,1650,137.5
test,1651,137.58333333333334
test,1652,137.66666666666666
test,1653,137.75
test,1654,137.83333333333334
test,1655,137.91666666666666
test,1656,138.0
test,1657,138.08333333333334
test,1658,138.16666666666666
test,1659,138.25
test,1660,138.33333333333334
test,1661,138.41666666666666
test,1662,138.5
test,1663,138.58333333333334
test,1664,138.66666666666666
test,1665,138.75
test,1666,138.83333333333334
test,1667,138.91666666666666
test,1668,139.0
test,1669,139.08333333333334
test,1670,139.16666666666666
test,1671,139.25
test,1672,139.33333333333334
test,1673,139.41666666666666
test,1674,139.5
test,1675,139.58333333333334
test,1676,139.66666666666666
test,1677,139.75
test,1678,139.83333333333334
test,1679,139.91666666666666
test,1680,140.0
test,1681,140.08333333333334
test,1682,140.16666666666666
test,1683,140.25
test,1684,140.33333333333334
test,1685,140.41666666666666
test,1686,140.5
test,1687,140.58333333333334
test,1688,140.66666666666666
test,1689,140.75
test,1690,140.83333333333334
test,1691,140.91666666666666
test,1692,141.0
test,1693,141.08333333333334
test,1694,141.16666666666666
test,1695,141.25
test,1696,141.33333333333334
test,1697,141.41666666666666
test,1698,141.5
test,1699,141.58333333333334
test,1700,141.66666666666666
test,1701,141.75
test,1702,141.83333333333334
test,1703,141.91666666666666
test,1704,142.0
test,1705,142.08333333333334
test,1706,142.16666666666666
test,1707,142.25
test,1708,142.33333333333334
test,1709,142.41666666666666
test,1710,142.5
test,1711,142.58333333333334
test,1712,142.66666666666666
test,1713,142.75
test,1714,142.83333333333334
test,1715,142.91666666666666
test,1716,143.0
test,1717,143.08333333333334
test,1718,143.16666666666666
test,1719,143.25
test,1720,143.33333333333334
test,1721,143.41666666666666
test,1722,143.5
test,1723,143.58333333333334
test,1724,143.66666666666666
test,1725,143.75
test,1726,143.83333333333334
test,1727,143.91666666666666
test,1728,144.0
test,1729,144.08333333333334
test,1730,144.16666666666666
test,1731,144.25
test,1732,144.33333333333334
test,1733,144.41666666666666
test,1734,144.5
test,1735,144.58333333333334
test,1736,144.66666666666666
test,1737,144.75
test,1738,144.83333333333334
test,1739,144.91666666666666
test,1740,145.0
test,1741,145.08333333333334
test,1742,145.16666666666666
test,1743,145.25
test,1744,145.33333333333334
test,1745,145.41666666666666
test,1746,145.5
test,1747,145.58333333333334
test,1748,145.66666666666666
test,1749,145.75
test,1750,145.83333333333334
test,1751,145.91666666666666
test,1752,146.0
test,1753,146.08333333333334
test,1754,146.16666666666666
test,1755,146.25
test,1756,146.33333333333334
test,1757,146.41666666666666
test,1758,146.5
test,1759,146.58333333333334
test,1760,146.66666666666666
test,1761,146.75
test,1762,146.83333333333334
test,1763,146.91666666666666
test,1764,147.0
test,1765,147.08333333333334
test,1766,147.16666666666666
test,1767,147.25
test,1768,147.33333333333334
test,1769,147.41666666666666
test,1770,147.5
test,1771,147.58333333333334
test,1772,147.66666666666666
test,1773,147.75
test,1774,147.83333333333334
test,1775,147.91666666666666
test,1776,148.0
test,1777,148.08333333333334
test,1778,148.16666666666666
test,1779,148.25
test,1780,148.33333333333334
test,1781,148.41666666666666
test,1782,148.5
test,1783,148.58333333333334
test,1784,148.66666666666666
test,1785,148.75
test,1786,148.83333333333334
test,1787,148.91666666666666
test,1788,149.0
test,1789,149.08333333333334
test,1790,149.16666666666666
test,1791,149.25
test,1792,149.33333333333334
test,1793,149.41666666666666
test,1794,149.5
test,1795,149.58333333333334
test,1796,149.66666666666666
test,1797,149.75
test,1798,149.83333333333334
test,1799,149.91666666666666
test,1800,150.0
test,1801,150.08333333333334
test,1802,150.16666666666666
test,1803,150.25
test,1804,150.33333333333334
test,1805,150.41666666666666
test,1806,150.5
test,1807,150.58333333333334
test,1808,150.66666666666666
test,1809,150.75
test,1810,150.83333333333334
test,1811,150.91666666666666
test,1812,151.0
test,1813,151.08333333333334
test,1814,151.16666666666666
test,1815,151.25
test,1816,151.33333333333334
test,1817,151.41666666666666
test,1818,151.5
test,1819,151.58333333333334
test,1820,151.66666666666666
test,1821,151.75
test,1822,151.83333333333334
test,1823,151.91666666666666
test,1824,152.0
test,1825,152.08333333333334
test,1826,152.16666666666666
test,1827,152.25
test,1828,152.33333333333334
test,1829,152.41666666666666
test,1830,152.5
test,1831,152.58333333333334
test,1832,152.66666666666666
test,1833,152.75
test,1834,152.83333333333334
test,1835,152.91666666666666
test,1836,153.0
test,1837,153.08333333333334
test,1838,153.16666666666666
test,1839,153.25
test,1840,153.33333333333334
test,1841,153.41666666666666
test,1842,153.5
test,1843,153.58333333333334
test,1844,153.66666666666666
test,1845,153.75
test,1846,153.83333333333334
test,1847,153.91666666666666
test,1848,154.0
test,1849,154.08333333333334
test,1850,154.16666666666666
test,1851,154.25
test,1852,154.33333333333334
test,1853,154.41666666666666
test,1854,154.5
test,1855,154.58333333333334
test,1856,154.66666666666666
test,1857,154.75
test,1858,154.83333333333334
test,1859,154.91666666666666
test,1860,155.0
test,1861,155.08333333333334
test,1862,155.16666666666666
test,1863,155.25
test,1864,155.33333333333334
test,1865,155.41666666666666
test,1866,155.5
test,1867,155.58333333333334
test,1868,155.66666666666666
test,1869,155.75
test,1870,155.83333333333334
test,1871,155.91666666666666
test,1872,156.0
test,1873,156.08333333333334
test,1874,156.16666666666666
test,1875,156.25
test,1876,156.33333333333334
test,1877,156.41666666666666
test,1878,156.5
test,1879,156.58333333333334
test,1880,156.66666666666666
test,1881,156.75
test,1882,156.83333333333334
test,1883,156.91666666666666
test,1884,157.0
test,1885,157.08333333333334
test,1886,157.16666666666666
test,1887,157.25
test,1888,157.33333333333334
test,1889,157.41666666666666
test,1890,157.5
test,1891,157.58333333333334
test,1892,157.66666666666666
test,1893,157.75
test,1894,157.83333333333334
test,1895,157.91666666666666
test,1896,158.0
test,1897,158.08333333333334
test,1898,158.16666666666666
test,1899,158.25
test,1900,158.33333333333334
test,1901,158.41666666666666
test,1902,158.5
test,1903,158.58333333333334
test,1904,158.66666666666666
test,1905,158.75
test,1906,158.83333333333334
test,1907,158.91666666666666
test,1908,159.0
test,1909,159.08333333333334
test,1910,159.16666666666666
test,1911,159.25
test,1912,159.33333333333334
test,1913,159.41666666666666
test,1914,159.5
test,1915,159.58333333333334
test,1916,159.66666666666666
test,1917,159.75
test,1918,159.83333333333334
test,1919,159.91666666666666
test,1920,160.0
test,1921,160.08333333333334
test,1922,160.16666666666666
test,1923,160.25
test,1924,160.33333333333334
test,1925,160.41666666666666
test,1926,160.5
test,1927,160.58333333333334
test,1928,160.66666666666666
test,1929,160.75
test,1930,160.83333333333334
test,1931,160.91666666666666
test,1932,161.0
test,1933,161.08333333333334
test,1934,161.16666666666666
test,1935,161.25
test,1936,161.33333333333334
test,1937,161.41666666666666
test,1938,161.5
test,1939,161.58333333333334
test,1940,161.66666666666666
test,1941,161.75
test,1942,161.83333333333334
test,1943,161.91666666666666
test,1944,162.0
test,1945,162.08333333333334
test,1946,162.16666666666666
test,1947,162.25
test,1948,162.33333333333334
test,1949,162.41666666666666
test,1950,162.5
test,1951,162.58333333333334
test,1952,162.66666666666666
test,1953,162.75
test,1954,162.83333333333334
test,1955,162.91666666666666
test,1956,163.0
test,1957,163.08333333333334
test,1958,163.16666666666666
test,1959,163.25
test,1960,163.33333333333334
test,1961,163.41666666666666
test,1962,163.5
test,1963,163.58333333333334
test,1964,163.66666666666666
test,1965,163.75
test,1966,163.83333333333334
test,1967,163.91666666666666
test,1968,164.0
test,1969,164.08333333333334
test,1970,164.16666666666666
test,1971,164.25
test,1972,164.33333333333334
test,1973,164.41666666666666
test,1974,164.5
test,1975,164.58333333333334
test,1976,164.66666666666666
test,1977,164.75
test,1978,164.83333333333334
test,1979,164.91666666666666
test,1980,165.0
test,1981,165.08333333333334
test,1982,165.16666666666666
test,1983,165.25
test,1984,165.33333333333334
test,1985,165.41666666666666
test,1986,165.5
test,1987,165.58333333333334
test,1988,165.66666666666666
test,1989,165.75
test,1990,165.83333333333334
test,1991,165.91666666666666
test,1992,166.0
test,1993,166.08333333333334
test,1994,166.16666666666666
test,1995,166.25
test,1996,166.33333333333334
test,1997,166.41666666666666
test,1998,166.5
test,1999,166.58333333333334
test,2000,166.66666666666666
test,2001,166.75
test,2002,166.83333333333334
test,2003,166.91666666666666
test,2004,167.0
test,2005,167.08333333333334
test,2006,167.16666666666666
test,2007,167.25
test,2008,167.33333333333334
test,2009,167.41666666666666
test,2010,167.5
test,2011,167.58333333333334
test,2012,167.66666666666666
test,2013,167.75
test,2014,167.83333333333334
test,2015,167.91666666666666
test,2016,168.0
test,2017,168.08333333333334
test,2018,168.16666666666666
test,2019,168.25
test,2020,168.33333333333334
test,2021,168.41666666666666
test,2022,168.5
test,2023,168.58333333333334
test,2024,168.66666666666666
test,2025,168.75
test,2026,168.83333333333334
test,2027,168.91666666666666
test,2028,169.0
test,2029,169.08333333333334
test,2030,169.16666666666666
test,2031,169.25
test,2032,169.33333333333334
test,2033,169.41666666666666
test,2034,169.5
test,2035,169.58333333333334
test,2036,169.66666666666666
test,2037,169.75
test,2038,169.83333333333334
test,2039,169.91666666666666
test,2040,170.0
test,2041,170.08333333333334
test,2042,170.16666666666666
test,2043,170.25
test,2044,170.33333333333334
test,2045,170.41666666666666
test,2046,170.5
test,2047,170.58333333333334
test,2048,170.66666666666666
test,2049,170.75
test,2050,170.83333333333334
test,2051,170.91666666666666
test,2052,171.0
test,2053,171.08333333333334
test,2054,171.16666666666666
test,2055,171.25
test,2056,171.33333333333334
test,2057,171.41666666666666
test,2058,171.5
test,2059,171.58333333333334
test,2060,171.66666666666666
test,2061,171.75
test,2062,171.83333333333334
test,2063,171.91666666666666
test,2064,172.0
test,2065,172.08333333333334
test,2066,172.16666666666666
test,2067,172.25
test,2068,172.33333333333334
test,2069,172.41666666666666
test,2070,172.5
test,2071,172.58333333333334
test,2072,172.66666666666666
test,2073,172.75
test,2074,172.83333333333334
test,2075,172.91666666666666
test,2076,173.0
test,2077,173.08333333333334
test,2078,173.16666666666666
test,2079,173.25
test,2080,173.33333333333334
test,2081,173.41666666666666
test,2082,173.5
test,2083,173.58333333333334
test,2084,173.66666666666666
test,2085,173.75
test,2086,173.83333333333334
test,2087,173.91666666666666
test,2088,174.0
test,2089,174.08333333333334
test,2090,174.16666666666666
test,2091,174.25
